target,model,n_samples,RMSE,Spearman_rho,R2
Y_1m_gt,Ridge,92,16.98268337106818,0.6617549459960965,0.3609933720640661
Y_1m_gt,RandomForest,92,17.07737306859322,0.6497140390192478,0.35384773703906525
Y_1m_gt,XGBoost,92,17.638511773749933,0.6433107821298255,0.310686766453254
Y_3m_gt,Ridge,92,20.54395672739406,0.40028066394692596,0.11243629659704246
Y_3m_gt,RandomForest,92,21.618749473647817,0.3554948813908459,0.01713812785728508
Y_3m_gt,XGBoost,92,24.24527323439215,0.27106533033251756,-0.23619082511336065
