target,model,n_train,n_test,RMSE,Spearman_rho,R2
Y_1m_gt,Ridge,63,29,8.94187291361619,0.9036139117418848,0.7807773614552351
Y_1m_gt,RandomForest,63,29,10.194498600918926,0.8418241201840426,0.7150555808214176
Y_1m_gt,XGBoost,63,29,12.107206755144736,0.8677758326383364,0.598101549200482
Y_3m_gt,Ridge,63,29,18.56596521904823,0.5675518664785586,0.1944631415315583
Y_3m_gt,RandomForest,63,29,18.146559425012697,0.4703277641339707,0.23044627907299875
Y_3m_gt,XGBoost,63,29,21.955520822653902,0.4241833297724531,-0.1265172322048096
