target,model,n_train,n_test,RMSE,Spearman_rho,R2
Y_1m_gt,Ridge,63,29,9.453270067132406,0.8613496943163208,0.7549850723315631
Y_1m_gt,RandomForest,63,29,11.83483898467163,0.8314434352023251,0.6159806381993754
Y_1m_gt,XGBoost,63,29,15.37010096835187,0.7184916962345895,0.3522881313148829
Y_3m_gt,Ridge,63,29,18.37693751051298,0.511290203192858,0.21078264113397505
Y_3m_gt,RandomForest,63,29,20.329252704348022,0.45502853990715736,0.03418670200350127
Y_3m_gt,XGBoost,63,29,21.15269463060301,0.4140661008482701,-0.04563894796451562
